<?xml version="1.0" encoding="UTF-8"?>
<questestinterop xmlns="http://www.imsglobal.org/xsd/ims_qtiasiv1p2" xmlns:xsi="http://www.w3.org/2001/XMLSchema-instance" xsi:schemaLocation="http://www.imsglobal.org/xsd/ims_qtiasiv1p2 http://www.imsglobal.org/xsd/ims_qtiasiv1p2p1.xsd">
  <assessment ident="gcd1c52aead9063cad6aff01dd8e6f14e" title="PDC Knowledge Exam">
    <qtimetadata>
      <qtimetadatafield>
        <fieldlabel>cc_maxattempts</fieldlabel>
        <fieldentry>1</fieldentry>
      </qtimetadatafield>
    </qtimetadata>
    <section ident="root_section">
      <item ident="g88c2e5689810f6cdca2b1c24f87d1858" title="Question">
        <itemmetadata>
          <qtimetadata>
            <qtimetadatafield>
              <fieldlabel>question_type</fieldlabel>
              <fieldentry>multiple_choice_question</fieldentry>
            </qtimetadatafield>
            <qtimetadatafield>
              <fieldlabel>points_possible</fieldlabel>
              <fieldentry>1.0</fieldentry>
            </qtimetadatafield>
            <qtimetadatafield>
              <fieldlabel>original_answer_ids</fieldlabel>
              <fieldentry>3227,1973,5050,6558,1374,8752,460</fieldentry>
            </qtimetadatafield>
            <qtimetadatafield>
              <fieldlabel>assessment_question_identifierref</fieldlabel>
              <fieldentry>geef246b10ad7534978ee4898ef21a81e</fieldentry>
            </qtimetadatafield>
          </qtimetadata>
        </itemmetadata>
        <presentation>
          <material>
            <mattext texttype="text/html">&lt;div&gt;&lt;p&gt;What do you believe is your level of knowledge regarding parallel and distributed computing?&lt;/p&gt;&lt;/div&gt;</mattext>
          </material>
          <response_lid ident="response1" rcardinality="Single">
            <render_choice>
              <response_label ident="3227">
                <material>
                  <mattext texttype="text/plain">Very high knowledge – I know a lot about this topic.</mattext>
                </material>
              </response_label>
              <response_label ident="1973">
                <material>
                  <mattext texttype="text/plain">High knowledge – I know quite a bit about this topic.</mattext>
                </material>
              </response_label>
              <response_label ident="5050">
                <material>
                  <mattext texttype="text/plain">Some knowledge – I know the basics.</mattext>
                </material>
              </response_label>
              <response_label ident="6558">
                <material>
                  <mattext texttype="text/plain">Not a lot of knowledge – I know a little, but there’s more I don’t understand.</mattext>
                </material>
              </response_label>
              <response_label ident="1374">
                <material>
                  <mattext texttype="text/plain">Low knowledge – I know very little about this topic.</mattext>
                </material>
              </response_label>
              <response_label ident="8752">
                <material>
                  <mattext texttype="text/plain">Very low knowledge – I know almost nothing.</mattext>
                </material>
              </response_label>
              <response_label ident="460">
                <material>
                  <mattext texttype="text/plain">No knowledge – I know nothing about this topic.</mattext>
                </material>
              </response_label>
            </render_choice>
          </response_lid>
        </presentation>
        <resprocessing>
          <outcomes>
            <decvar maxvalue="100" minvalue="0" varname="SCORE" vartype="Decimal"/>
          </outcomes>
          <respcondition continue="No">
            <conditionvar>
              <varequal respident="response1">3227</varequal>
            </conditionvar>
            <setvar action="Set" varname="SCORE">100</setvar>
          </respcondition>
        </resprocessing>
      </item>
      <item ident="g4e9fe2873af5d09afa91418c09b1b147" title="5">
        <itemmetadata>
          <qtimetadata>
            <qtimetadatafield>
              <fieldlabel>question_type</fieldlabel>
              <fieldentry>multiple_choice_question</fieldentry>
            </qtimetadatafield>
            <qtimetadatafield>
              <fieldlabel>points_possible</fieldlabel>
              <fieldentry>1.0</fieldentry>
            </qtimetadatafield>
            <qtimetadatafield>
              <fieldlabel>original_answer_ids</fieldlabel>
              <fieldentry>9363,3023,1114,9872</fieldentry>
            </qtimetadatafield>
            <qtimetadatafield>
              <fieldlabel>assessment_question_identifierref</fieldlabel>
              <fieldentry>gfbe838b78f4da1a83db698af66a29fd1</fieldentry>
            </qtimetadatafield>
          </qtimetadata>
        </itemmetadata>
        <presentation>
          <material>
            <mattext texttype="text/html">&lt;div&gt;&lt;p&gt;In _________ computing a program's statements are run in order, one at a time.&lt;/p&gt;&lt;/div&gt;</mattext>
          </material>
          <response_lid ident="response1" rcardinality="Single">
            <render_choice>
              <response_label ident="9363">
                <material>
                  <mattext texttype="text/plain">sequential</mattext>
                </material>
              </response_label>
              <response_label ident="3023">
                <material>
                  <mattext texttype="text/plain">core</mattext>
                </material>
              </response_label>
              <response_label ident="1114">
                <material>
                  <mattext texttype="text/plain">parallel</mattext>
                </material>
              </response_label>
              <response_label ident="9872">
                <material>
                  <mattext texttype="text/plain">shared-memory</mattext>
                </material>
              </response_label>
            </render_choice>
          </response_lid>
        </presentation>
        <resprocessing>
          <outcomes>
            <decvar maxvalue="100" minvalue="0" varname="SCORE" vartype="Decimal"/>
          </outcomes>
          <respcondition continue="No">
            <conditionvar>
              <varequal respident="response1">1114</varequal>
            </conditionvar>
            <setvar action="Set" varname="SCORE">100</setvar>
          </respcondition>
        </resprocessing>
      </item>
      <item ident="g8519870b7f188ca19bb1b9d3c105b5af" title="6">
        <itemmetadata>
          <qtimetadata>
            <qtimetadatafield>
              <fieldlabel>question_type</fieldlabel>
              <fieldentry>multiple_choice_question</fieldentry>
            </qtimetadatafield>
            <qtimetadatafield>
              <fieldlabel>points_possible</fieldlabel>
              <fieldentry>1.0</fieldentry>
            </qtimetadatafield>
            <qtimetadatafield>
              <fieldlabel>original_answer_ids</fieldlabel>
              <fieldentry>1687,2041,1274,5549</fieldentry>
            </qtimetadatafield>
            <qtimetadatafield>
              <fieldlabel>assessment_question_identifierref</fieldlabel>
              <fieldentry>g49ad9077f573d8b75c938215af1709b6</fieldentry>
            </qtimetadatafield>
          </qtimetadata>
        </itemmetadata>
        <presentation>
          <material>
            <mattext texttype="text/html">&lt;div&gt;&lt;p&gt;Why is synchronization important in parallel computing?&lt;/p&gt;&lt;/div&gt;</mattext>
          </material>
          <response_lid ident="response1" rcardinality="Single">
            <render_choice>
              <response_label ident="1687">
                <material>
                  <mattext texttype="text/plain">To prevent conflicts when multiple processors access shared data</mattext>
                </material>
              </response_label>
              <response_label ident="2041">
                <material>
                  <mattext texttype="text/plain">To make sure memory is not overloaded</mattext>
                </material>
              </response_label>
              <response_label ident="1274">
                <material>
                  <mattext texttype="text/plain">To install updates faster</mattext>
                </material>
              </response_label>
              <response_label ident="5549">
                <material>
                  <mattext texttype="text/plain">To compress data during computation</mattext>
                </material>
              </response_label>
            </render_choice>
          </response_lid>
        </presentation>
        <resprocessing>
          <outcomes>
            <decvar maxvalue="100" minvalue="0" varname="SCORE" vartype="Decimal"/>
          </outcomes>
          <respcondition continue="No">
            <conditionvar>
              <varequal respident="response1">1687</varequal>
            </conditionvar>
            <setvar action="Set" varname="SCORE">100</setvar>
          </respcondition>
        </resprocessing>
      </item>
      <item ident="gbbc0ee198cc92130e78b233f70f402b8" title="7">
        <itemmetadata>
          <qtimetadata>
            <qtimetadatafield>
              <fieldlabel>question_type</fieldlabel>
              <fieldentry>multiple_choice_question</fieldentry>
            </qtimetadatafield>
            <qtimetadatafield>
              <fieldlabel>points_possible</fieldlabel>
              <fieldentry>1.0</fieldentry>
            </qtimetadatafield>
            <qtimetadatafield>
              <fieldlabel>original_answer_ids</fieldlabel>
              <fieldentry>6514,8837,7008,6433</fieldentry>
            </qtimetadatafield>
            <qtimetadatafield>
              <fieldlabel>assessment_question_identifierref</fieldlabel>
              <fieldentry>g61afb23c65ffa956115670d49fa57603</fieldentry>
            </qtimetadatafield>
          </qtimetadata>
        </itemmetadata>
        <presentation>
          <material>
            <mattext texttype="text/html">&lt;div&gt;&lt;p&gt;Suppose you run a program on one core and it takes 6 minutes. Then you run it on 3 cores and it takes 3 minutes. What is the speedup?&lt;/p&gt;&lt;/div&gt;</mattext>
          </material>
          <response_lid ident="response1" rcardinality="Single">
            <render_choice>
              <response_label ident="6514">
                <material>
                  <mattext texttype="text/plain">1</mattext>
                </material>
              </response_label>
              <response_label ident="8837">
                <material>
                  <mattext texttype="text/plain">2</mattext>
                </material>
              </response_label>
              <response_label ident="7008">
                <material>
                  <mattext texttype="text/plain">3</mattext>
                </material>
              </response_label>
              <response_label ident="6433">
                <material>
                  <mattext texttype="text/plain">6</mattext>
                </material>
              </response_label>
            </render_choice>
          </response_lid>
        </presentation>
        <resprocessing>
          <outcomes>
            <decvar maxvalue="100" minvalue="0" varname="SCORE" vartype="Decimal"/>
          </outcomes>
          <respcondition continue="No">
            <conditionvar>
              <varequal respident="response1">8837</varequal>
            </conditionvar>
            <setvar action="Set" varname="SCORE">100</setvar>
          </respcondition>
        </resprocessing>
      </item>
      <item ident="g21e409223e3c91198d5d72dca00352a8" title="10">
        <itemmetadata>
          <qtimetadata>
            <qtimetadatafield>
              <fieldlabel>question_type</fieldlabel>
              <fieldentry>multiple_choice_question</fieldentry>
            </qtimetadatafield>
            <qtimetadatafield>
              <fieldlabel>points_possible</fieldlabel>
              <fieldentry>1.0</fieldentry>
            </qtimetadatafield>
            <qtimetadatafield>
              <fieldlabel>original_answer_ids</fieldlabel>
              <fieldentry>84,3957,4002,9021</fieldentry>
            </qtimetadatafield>
            <qtimetadatafield>
              <fieldlabel>assessment_question_identifierref</fieldlabel>
              <fieldentry>g1cecdb554c688e3690d2ecf370d4b17f</fieldentry>
            </qtimetadatafield>
          </qtimetadata>
        </itemmetadata>
        <presentation>
          <material>
            <mattext texttype="text/html">&lt;div&gt;&lt;p&gt;Suppose that a computational task that normally takes 60 minutes to execute can be broken up into equal parts and run in parallel on 16 different processors. About how long would it take to compute?&lt;/p&gt;&lt;/div&gt;</mattext>
          </material>
          <response_lid ident="response1" rcardinality="Single">
            <render_choice>
              <response_label ident="84">
                <material>
                  <mattext texttype="text/plain">1 minute</mattext>
                </material>
              </response_label>
              <response_label ident="3957">
                <material>
                  <mattext texttype="text/plain">4 minutes</mattext>
                </material>
              </response_label>
              <response_label ident="4002">
                <material>
                  <mattext texttype="text/plain">16 minutes</mattext>
                </material>
              </response_label>
              <response_label ident="9021">
                <material>
                  <mattext texttype="text/plain">16 hours</mattext>
                </material>
              </response_label>
            </render_choice>
          </response_lid>
        </presentation>
        <resprocessing>
          <outcomes>
            <decvar maxvalue="100" minvalue="0" varname="SCORE" vartype="Decimal"/>
          </outcomes>
          <respcondition continue="No">
            <conditionvar>
              <varequal respident="response1">3957</varequal>
            </conditionvar>
            <setvar action="Set" varname="SCORE">100</setvar>
          </respcondition>
        </resprocessing>
      </item>
      <item ident="gca1f0a3547bc653e75a845e605a61987" title="12">
        <itemmetadata>
          <qtimetadata>
            <qtimetadatafield>
              <fieldlabel>question_type</fieldlabel>
              <fieldentry>multiple_choice_question</fieldentry>
            </qtimetadatafield>
            <qtimetadatafield>
              <fieldlabel>points_possible</fieldlabel>
              <fieldentry>1.0</fieldentry>
            </qtimetadatafield>
            <qtimetadatafield>
              <fieldlabel>original_answer_ids</fieldlabel>
              <fieldentry>4227,856,7829,3729</fieldentry>
            </qtimetadatafield>
            <qtimetadatafield>
              <fieldlabel>assessment_question_identifierref</fieldlabel>
              <fieldentry>g0f19ee54fa6dc0fc9b0b9cf5aaea1267</fieldentry>
            </qtimetadatafield>
          </qtimetadata>
        </itemmetadata>
        <presentation>
          <material>
            <mattext texttype="text/html">&lt;div&gt;&lt;p&gt;What type of computing involves multiple computers solving a problem by working together over a network?&lt;/p&gt;&lt;/div&gt;</mattext>
          </material>
          <response_lid ident="response1" rcardinality="Single">
            <render_choice>
              <response_label ident="4227">
                <material>
                  <mattext texttype="text/plain">Distributed computing</mattext>
                </material>
              </response_label>
              <response_label ident="856">
                <material>
                  <mattext texttype="text/plain">Serial computing</mattext>
                </material>
              </response_label>
              <response_label ident="7829">
                <material>
                  <mattext texttype="text/plain">Centralized computing</mattext>
                </material>
              </response_label>
              <response_label ident="3729">
                <material>
                  <mattext texttype="text/plain">Single-threaded computing</mattext>
                </material>
              </response_label>
            </render_choice>
          </response_lid>
        </presentation>
        <resprocessing>
          <outcomes>
            <decvar maxvalue="100" minvalue="0" varname="SCORE" vartype="Decimal"/>
          </outcomes>
          <respcondition continue="No">
            <conditionvar>
              <varequal respident="response1">4227</varequal>
            </conditionvar>
            <setvar action="Set" varname="SCORE">100</setvar>
          </respcondition>
        </resprocessing>
      </item>
      <item ident="g58191e3200d539de486e897ac7551530" title="13">
        <itemmetadata>
          <qtimetadata>
            <qtimetadatafield>
              <fieldlabel>question_type</fieldlabel>
              <fieldentry>multiple_choice_question</fieldentry>
            </qtimetadatafield>
            <qtimetadatafield>
              <fieldlabel>points_possible</fieldlabel>
              <fieldentry>1.0</fieldentry>
            </qtimetadatafield>
            <qtimetadatafield>
              <fieldlabel>original_answer_ids</fieldlabel>
              <fieldentry>1494,6725,34,4808</fieldentry>
            </qtimetadatafield>
            <qtimetadatafield>
              <fieldlabel>assessment_question_identifierref</fieldlabel>
              <fieldentry>gf77542a79dfea618075b81ac7d05f9e3</fieldentry>
            </qtimetadatafield>
          </qtimetadata>
        </itemmetadata>
        <presentation>
          <material>
            <mattext texttype="text/html">&lt;div&gt;&lt;p&gt;Which of the following best describes Sequential Computing&lt;/p&gt;&lt;/div&gt;</mattext>
          </material>
          <response_lid ident="response1" rcardinality="Single">
            <render_choice>
              <response_label ident="1494">
                <material>
                  <mattext texttype="text/plain">Two computational tasks being run at the same time on different processors.</mattext>
                </material>
              </response_label>
              <response_label ident="6725">
                <material>
                  <mattext texttype="text/plain">Computational tasks are assigned to different computers so they can all be run independently.</mattext>
                </material>
              </response_label>
              <response_label ident="34">
                <material>
                  <mattext texttype="text/plain">Computational tasks are scheduled to execute in an optimal order.</mattext>
                </material>
              </response_label>
              <response_label ident="4808">
                <material>
                  <mattext texttype="text/plain">Each computational task is executed from start to finish before another task can start.</mattext>
                </material>
              </response_label>
            </render_choice>
          </response_lid>
        </presentation>
        <resprocessing>
          <outcomes>
            <decvar maxvalue="100" minvalue="0" varname="SCORE" vartype="Decimal"/>
          </outcomes>
          <respcondition continue="No">
            <conditionvar>
              <varequal respident="response1">4808</varequal>
            </conditionvar>
            <setvar action="Set" varname="SCORE">100</setvar>
          </respcondition>
        </resprocessing>
      </item>
      <item ident="g1a9463903e5fd6566926dd6e1c14de86" title="16">
        <itemmetadata>
          <qtimetadata>
            <qtimetadatafield>
              <fieldlabel>question_type</fieldlabel>
              <fieldentry>multiple_choice_question</fieldentry>
            </qtimetadatafield>
            <qtimetadatafield>
              <fieldlabel>points_possible</fieldlabel>
              <fieldentry>1.0</fieldentry>
            </qtimetadatafield>
            <qtimetadatafield>
              <fieldlabel>original_answer_ids</fieldlabel>
              <fieldentry>7095,9102,7742,4074</fieldentry>
            </qtimetadatafield>
            <qtimetadatafield>
              <fieldlabel>assessment_question_identifierref</fieldlabel>
              <fieldentry>gedcb431cc51b71668c2494f923f1ee1a</fieldentry>
            </qtimetadatafield>
          </qtimetadata>
        </itemmetadata>
        <presentation>
          <material>
            <mattext texttype="text/html">&lt;div&gt;&lt;p&gt;What is the main objective of parallel computing?&lt;/p&gt;&lt;/div&gt;</mattext>
          </material>
          <response_lid ident="response1" rcardinality="Single">
            <render_choice>
              <response_label ident="7095">
                <material>
                  <mattext texttype="text/plain">Reduce the number of processors required</mattext>
                </material>
              </response_label>
              <response_label ident="9102">
                <material>
                  <mattext texttype="text/plain">Improve computation speed by executing tasks simultaneously</mattext>
                </material>
              </response_label>
              <response_label ident="7742">
                <material>
                  <mattext texttype="text/plain">Increase software complexity</mattext>
                </material>
              </response_label>
              <response_label ident="4074">
                <material>
                  <mattext texttype="text/plain">Reduce power consumption</mattext>
                </material>
              </response_label>
            </render_choice>
          </response_lid>
        </presentation>
        <resprocessing>
          <outcomes>
            <decvar maxvalue="100" minvalue="0" varname="SCORE" vartype="Decimal"/>
          </outcomes>
          <respcondition continue="No">
            <conditionvar>
              <varequal respident="response1">9102</varequal>
            </conditionvar>
            <setvar action="Set" varname="SCORE">100</setvar>
          </respcondition>
        </resprocessing>
      </item>
      <item ident="g0b93cba0bb71aaac986c6b015f21ec20" title="19">
        <itemmetadata>
          <qtimetadata>
            <qtimetadatafield>
              <fieldlabel>question_type</fieldlabel>
              <fieldentry>multiple_choice_question</fieldentry>
            </qtimetadatafield>
            <qtimetadatafield>
              <fieldlabel>points_possible</fieldlabel>
              <fieldentry>1.0</fieldentry>
            </qtimetadatafield>
            <qtimetadatafield>
              <fieldlabel>original_answer_ids</fieldlabel>
              <fieldentry>6620,5386,5543,617</fieldentry>
            </qtimetadatafield>
            <qtimetadatafield>
              <fieldlabel>assessment_question_identifierref</fieldlabel>
              <fieldentry>g2041d630c770f7e553a6f066e263cc54</fieldentry>
            </qtimetadatafield>
          </qtimetadata>
        </itemmetadata>
        <presentation>
          <material>
            <mattext texttype="text/html">&lt;div&gt;&lt;p&gt;Which of the following best illustrates &lt;strong&gt;Asynchronous Computing&lt;/strong&gt;?&lt;/p&gt;&lt;/div&gt;</mattext>
          </material>
          <response_lid ident="response1" rcardinality="Single">
            <render_choice>
              <response_label ident="6620">
                <material>
                  <mattext texttype="text/plain">Task A runs for a while, then pauses and allows Task B to execute, then resumes once Task B has completed</mattext>
                </material>
              </response_label>
              <response_label ident="5386">
                <material>
                  <mattext texttype="text/plain">Tasks A and B run on different computers at the same time</mattext>
                </material>
              </response_label>
              <response_label ident="5543">
                <material>
                  <mattext texttype="text/plain">Task A runs in one window while task B runs in a different window</mattext>
                </material>
              </response_label>
              <response_label ident="617">
                <material>
                  <mattext texttype="text/plain">Task A runs and once completed, then task B runs</mattext>
                </material>
              </response_label>
            </render_choice>
          </response_lid>
        </presentation>
        <resprocessing>
          <outcomes>
            <decvar maxvalue="100" minvalue="0" varname="SCORE" vartype="Decimal"/>
          </outcomes>
          <respcondition continue="No">
            <conditionvar>
              <varequal respident="response1">6620</varequal>
            </conditionvar>
            <setvar action="Set" varname="SCORE">100</setvar>
          </respcondition>
        </resprocessing>
      </item>
      <item ident="gae33974d50ecbde5a9ff21c3b161adee" title="20">
        <itemmetadata>
          <qtimetadata>
            <qtimetadatafield>
              <fieldlabel>question_type</fieldlabel>
              <fieldentry>multiple_choice_question</fieldentry>
            </qtimetadatafield>
            <qtimetadatafield>
              <fieldlabel>points_possible</fieldlabel>
              <fieldentry>1.0</fieldentry>
            </qtimetadatafield>
            <qtimetadatafield>
              <fieldlabel>original_answer_ids</fieldlabel>
              <fieldentry>6352,846,2421,7435</fieldentry>
            </qtimetadatafield>
            <qtimetadatafield>
              <fieldlabel>assessment_question_identifierref</fieldlabel>
              <fieldentry>g5fbf7ca30c94a69b27bd7d7a7d424c11</fieldentry>
            </qtimetadatafield>
          </qtimetadata>
        </itemmetadata>
        <presentation>
          <material>
            <mattext texttype="text/html">&lt;div&gt;&lt;p&gt;Which of the following best illustrates &lt;strong&gt;Parallel Computing&lt;/strong&gt;&amp;nbsp;&lt;/p&gt;&lt;/div&gt;</mattext>
          </material>
          <response_lid ident="response1" rcardinality="Single">
            <render_choice>
              <response_label ident="6352">
                <material>
                  <mattext texttype="text/plain">Task A runs on computer X while Task B runs on computer Y, once both have completed, they report their results back to computer Z</mattext>
                </material>
              </response_label>
              <response_label ident="846">
                <material>
                  <mattext texttype="text/plain">Task B runs after Task A has been completed</mattext>
                </material>
              </response_label>
              <response_label ident="2421">
                <material>
                  <mattext texttype="text/plain">Task A runs for a while, then pauses and allows Task B to execute, then resumes once Task B has completed</mattext>
                </material>
              </response_label>
              <response_label ident="7435">
                <material>
                  <mattext texttype="text/plain">Task A runs on Processor X at the same time as Task B runs on Processor Y</mattext>
                </material>
              </response_label>
            </render_choice>
          </response_lid>
        </presentation>
        <resprocessing>
          <outcomes>
            <decvar maxvalue="100" minvalue="0" varname="SCORE" vartype="Decimal"/>
          </outcomes>
          <respcondition continue="No">
            <conditionvar>
              <varequal respident="response1">7435</varequal>
            </conditionvar>
            <setvar action="Set" varname="SCORE">100</setvar>
          </respcondition>
        </resprocessing>
      </item>
      <item ident="g314f221a1bb6ec84822be30ee2103e6a" title="26">
        <itemmetadata>
          <qtimetadata>
            <qtimetadatafield>
              <fieldlabel>question_type</fieldlabel>
              <fieldentry>multiple_choice_question</fieldentry>
            </qtimetadatafield>
            <qtimetadatafield>
              <fieldlabel>points_possible</fieldlabel>
              <fieldentry>1.0</fieldentry>
            </qtimetadatafield>
            <qtimetadatafield>
              <fieldlabel>original_answer_ids</fieldlabel>
              <fieldentry>9162,725,9642,9217</fieldentry>
            </qtimetadatafield>
            <qtimetadatafield>
              <fieldlabel>assessment_question_identifierref</fieldlabel>
              <fieldentry>gfe3f80eb494d531ac4598b78d1787ab4</fieldentry>
            </qtimetadatafield>
          </qtimetadata>
        </itemmetadata>
        <presentation>
          <material>
            <mattext texttype="text/html">&lt;div&gt;&lt;p&gt;Consider the following task in a program: Each element of an array stores the price for the inventory of a store. &amp;nbsp;It is necessary for the store to add 9% to the price of each item. &amp;nbsp;Is this a task that can be parallelized?&lt;/p&gt;&lt;/div&gt;</mattext>
          </material>
          <response_lid ident="response1" rcardinality="Single">
            <render_choice>
              <response_label ident="9162">
                <material>
                  <mattext texttype="text/plain">Yes, copies of the array could be distributed to each processor</mattext>
                </material>
              </response_label>
              <response_label ident="725">
                <material>
                  <mattext texttype="text/plain">No, processors cannot share the same memory</mattext>
                </material>
              </response_label>
              <response_label ident="9642">
                <material>
                  <mattext texttype="text/plain">Yes, different processors could operate on different parts of the array at the same time</mattext>
                </material>
              </response_label>
              <response_label ident="9217">
                <material>
                  <mattext texttype="text/plain">No, processors could access the same memory but not in this case</mattext>
                </material>
              </response_label>
            </render_choice>
          </response_lid>
        </presentation>
        <resprocessing>
          <outcomes>
            <decvar maxvalue="100" minvalue="0" varname="SCORE" vartype="Decimal"/>
          </outcomes>
          <respcondition continue="No">
            <conditionvar>
              <varequal respident="response1">9642</varequal>
            </conditionvar>
            <setvar action="Set" varname="SCORE">100</setvar>
          </respcondition>
        </resprocessing>
      </item>
      <item ident="ged8c0c5737536213b0e6f79a82ff7032" title="27">
        <itemmetadata>
          <qtimetadata>
            <qtimetadatafield>
              <fieldlabel>question_type</fieldlabel>
              <fieldentry>multiple_choice_question</fieldentry>
            </qtimetadatafield>
            <qtimetadatafield>
              <fieldlabel>points_possible</fieldlabel>
              <fieldentry>1.0</fieldentry>
            </qtimetadatafield>
            <qtimetadatafield>
              <fieldlabel>original_answer_ids</fieldlabel>
              <fieldentry>5720,8458,1775,9974</fieldentry>
            </qtimetadatafield>
            <qtimetadatafield>
              <fieldlabel>assessment_question_identifierref</fieldlabel>
              <fieldentry>ga8ca2a0bf95bf6ad961725cf714bd3bf</fieldentry>
            </qtimetadatafield>
          </qtimetadata>
        </itemmetadata>
        <presentation>
          <material>
            <mattext texttype="text/html">&lt;div&gt;&lt;p&gt;Which of the following best describes a distributed system?&lt;/p&gt;&lt;/div&gt;</mattext>
          </material>
          <response_lid ident="response1" rcardinality="Single">
            <render_choice>
              <response_label ident="5720">
                <material>
                  <mattext texttype="text/plain">A network of computers working together</mattext>
                </material>
              </response_label>
              <response_label ident="8458">
                <material>
                  <mattext texttype="text/plain">A computer with many users</mattext>
                </material>
              </response_label>
              <response_label ident="1775">
                <material>
                  <mattext texttype="text/plain">A single computer with multiple cores</mattext>
                </material>
              </response_label>
              <response_label ident="9974">
                <material>
                  <mattext texttype="text/plain">A system using multiple monitors</mattext>
                </material>
              </response_label>
            </render_choice>
          </response_lid>
        </presentation>
        <resprocessing>
          <outcomes>
            <decvar maxvalue="100" minvalue="0" varname="SCORE" vartype="Decimal"/>
          </outcomes>
          <respcondition continue="No">
            <conditionvar>
              <varequal respident="response1">5720</varequal>
            </conditionvar>
            <setvar action="Set" varname="SCORE">100</setvar>
          </respcondition>
        </resprocessing>
      </item>
      <item ident="g7e6e63ee909dc8bd7f86bba43b4443a3" title="29">
        <itemmetadata>
          <qtimetadata>
            <qtimetadatafield>
              <fieldlabel>question_type</fieldlabel>
              <fieldentry>multiple_choice_question</fieldentry>
            </qtimetadatafield>
            <qtimetadatafield>
              <fieldlabel>points_possible</fieldlabel>
              <fieldentry>1.0</fieldentry>
            </qtimetadatafield>
            <qtimetadatafield>
              <fieldlabel>original_answer_ids</fieldlabel>
              <fieldentry>6880,1533,1680,313</fieldentry>
            </qtimetadatafield>
            <qtimetadatafield>
              <fieldlabel>assessment_question_identifierref</fieldlabel>
              <fieldentry>g6338b83f4c716948877ae4cd799051f2</fieldentry>
            </qtimetadatafield>
          </qtimetadata>
        </itemmetadata>
        <presentation>
          <material>
            <mattext texttype="text/html">&lt;div&gt;&lt;p&gt;What is one major benefit of parallel computing?&lt;/p&gt;&lt;/div&gt;</mattext>
          </material>
          <response_lid ident="response1" rcardinality="Single">
            <render_choice>
              <response_label ident="6880">
                <material>
                  <mattext texttype="text/plain">Faster data transfer speed</mattext>
                </material>
              </response_label>
              <response_label ident="1533">
                <material>
                  <mattext texttype="text/plain">Easier debugging</mattext>
                </material>
              </response_label>
              <response_label ident="1680">
                <material>
                  <mattext texttype="text/plain">Lower electricity usage</mattext>
                </material>
              </response_label>
              <response_label ident="313">
                <material>
                  <mattext texttype="text/plain">Increased computation speed</mattext>
                </material>
              </response_label>
            </render_choice>
          </response_lid>
        </presentation>
        <resprocessing>
          <outcomes>
            <decvar maxvalue="100" minvalue="0" varname="SCORE" vartype="Decimal"/>
          </outcomes>
          <respcondition continue="No">
            <conditionvar>
              <varequal respident="response1">313</varequal>
            </conditionvar>
            <setvar action="Set" varname="SCORE">100</setvar>
          </respcondition>
        </resprocessing>
      </item>
      <item ident="g0dae0fb804a08c2cdee16feb5eb4c025" title="30">
        <itemmetadata>
          <qtimetadata>
            <qtimetadatafield>
              <fieldlabel>question_type</fieldlabel>
              <fieldentry>multiple_choice_question</fieldentry>
            </qtimetadatafield>
            <qtimetadatafield>
              <fieldlabel>points_possible</fieldlabel>
              <fieldentry>1.0</fieldentry>
            </qtimetadatafield>
            <qtimetadatafield>
              <fieldlabel>original_answer_ids</fieldlabel>
              <fieldentry>2676,3715,3902,1937</fieldentry>
            </qtimetadatafield>
            <qtimetadatafield>
              <fieldlabel>assessment_question_identifierref</fieldlabel>
              <fieldentry>gefb85037f3157e9dc03f37c4d9a3ed4f</fieldentry>
            </qtimetadatafield>
          </qtimetadata>
        </itemmetadata>
        <presentation>
          <material>
            <mattext texttype="text/html">&lt;div&gt;&lt;p&gt;What is an "event" in the context of event-driven programming?&lt;/p&gt;&lt;/div&gt;</mattext>
          </material>
          <response_lid ident="response1" rcardinality="Single">
            <render_choice>
              <response_label ident="2676">
                <material>
                  <mattext texttype="text/plain">A block of code that runs continuously in a loop</mattext>
                </material>
              </response_label>
              <response_label ident="3715">
                <material>
                  <mattext texttype="text/plain">A specific programming language used for web-development</mattext>
                </material>
              </response_label>
              <response_label ident="3902">
                <material>
                  <mattext texttype="text/plain">A signal that something has happened such as a user clicking a mouse</mattext>
                </material>
              </response_label>
              <response_label ident="1937">
                <material>
                  <mattext texttype="text/plain">A type of variable used to store numerical data</mattext>
                </material>
              </response_label>
            </render_choice>
          </response_lid>
        </presentation>
        <resprocessing>
          <outcomes>
            <decvar maxvalue="100" minvalue="0" varname="SCORE" vartype="Decimal"/>
          </outcomes>
          <respcondition continue="No">
            <conditionvar>
              <varequal respident="response1">3902</varequal>
            </conditionvar>
            <setvar action="Set" varname="SCORE">100</setvar>
          </respcondition>
        </resprocessing>
      </item>
      <item ident="ge22add277286de9ea15a3f77448a1c41" title="35">
        <itemmetadata>
          <qtimetadata>
            <qtimetadatafield>
              <fieldlabel>question_type</fieldlabel>
              <fieldentry>multiple_choice_question</fieldentry>
            </qtimetadatafield>
            <qtimetadatafield>
              <fieldlabel>points_possible</fieldlabel>
              <fieldentry>1.0</fieldentry>
            </qtimetadatafield>
            <qtimetadatafield>
              <fieldlabel>original_answer_ids</fieldlabel>
              <fieldentry>2116,5513,3289,5490</fieldentry>
            </qtimetadatafield>
            <qtimetadatafield>
              <fieldlabel>assessment_question_identifierref</fieldlabel>
              <fieldentry>ge10db44fad5d6607208313183702fc3a</fieldentry>
            </qtimetadatafield>
          </qtimetadata>
        </itemmetadata>
        <presentation>
          <material>
            <mattext texttype="text/html">&lt;div&gt;&lt;p&gt;Which of the following best describes &lt;strong&gt;Asynchronous Computing&lt;/strong&gt;?&lt;/p&gt;&lt;/div&gt;</mattext>
          </material>
          <response_lid ident="response1" rcardinality="Single">
            <render_choice>
              <response_label ident="2116">
                <material>
                  <mattext texttype="text/plain">A task can begin executing without waiting for other tasks to finish, and may be resumed later</mattext>
                </material>
              </response_label>
              <response_label ident="5513">
                <material>
                  <mattext texttype="text/plain">Tasks are executed one at a time, waiting for each to finish before starting the next</mattext>
                </material>
              </response_label>
              <response_label ident="3289">
                <material>
                  <mattext texttype="text/plain">All tasks must be completed in the order they were started</mattext>
                </material>
              </response_label>
              <response_label ident="5490">
                <material>
                  <mattext texttype="text/plain">Multiple tasks are executed simultaneously using multiple processors</mattext>
                </material>
              </response_label>
            </render_choice>
          </response_lid>
        </presentation>
        <resprocessing>
          <outcomes>
            <decvar maxvalue="100" minvalue="0" varname="SCORE" vartype="Decimal"/>
          </outcomes>
          <respcondition continue="No">
            <conditionvar>
              <varequal respident="response1">2116</varequal>
            </conditionvar>
            <setvar action="Set" varname="SCORE">100</setvar>
          </respcondition>
        </resprocessing>
      </item>
      <item ident="ge8368dc8b90354778bdb40e8d5be6b72" title="36">
        <itemmetadata>
          <qtimetadata>
            <qtimetadatafield>
              <fieldlabel>question_type</fieldlabel>
              <fieldentry>multiple_choice_question</fieldentry>
            </qtimetadatafield>
            <qtimetadatafield>
              <fieldlabel>points_possible</fieldlabel>
              <fieldentry>1.0</fieldentry>
            </qtimetadatafield>
            <qtimetadatafield>
              <fieldlabel>original_answer_ids</fieldlabel>
              <fieldentry>7997,1490,8859,7141</fieldentry>
            </qtimetadatafield>
            <qtimetadatafield>
              <fieldlabel>assessment_question_identifierref</fieldlabel>
              <fieldentry>ga37449ead52341a793ff8711586f5f41</fieldentry>
            </qtimetadatafield>
          </qtimetadata>
        </itemmetadata>
        <presentation>
          <material>
            <mattext texttype="text/html">&lt;div&gt;&lt;p&gt;Which of the following best describes &lt;strong&gt;Parallel Computing&lt;/strong&gt;?&lt;/p&gt;&lt;/div&gt;</mattext>
          </material>
          <response_lid ident="response1" rcardinality="Single">
            <render_choice>
              <response_label ident="7997">
                <material>
                  <mattext texttype="text/plain">Tasks are executed one at a time on a single processor in a fixed sequence</mattext>
                </material>
              </response_label>
              <response_label ident="1490">
                <material>
                  <mattext texttype="text/plain">A task is paused until all other tasks have completed</mattext>
                </material>
              </response_label>
              <response_label ident="8859">
                <material>
                  <mattext texttype="text/plain">Tasks are broken into smaller sub-tasks that are processed at the same time using multiple processors or cores</mattext>
                </material>
              </response_label>
              <response_label ident="7141">
                <material>
                  <mattext texttype="text/plain">One task runs while others wait their turn to execute</mattext>
                </material>
              </response_label>
            </render_choice>
          </response_lid>
        </presentation>
        <resprocessing>
          <outcomes>
            <decvar maxvalue="100" minvalue="0" varname="SCORE" vartype="Decimal"/>
          </outcomes>
          <respcondition continue="No">
            <conditionvar>
              <varequal respident="response1">8859</varequal>
            </conditionvar>
            <setvar action="Set" varname="SCORE">100</setvar>
          </respcondition>
        </resprocessing>
      </item>
      <item ident="g872feb5c5139ed206ebc05780f6a75d3" title="37">
        <itemmetadata>
          <qtimetadata>
            <qtimetadatafield>
              <fieldlabel>question_type</fieldlabel>
              <fieldentry>multiple_choice_question</fieldentry>
            </qtimetadatafield>
            <qtimetadatafield>
              <fieldlabel>points_possible</fieldlabel>
              <fieldentry>1.0</fieldentry>
            </qtimetadatafield>
            <qtimetadatafield>
              <fieldlabel>original_answer_ids</fieldlabel>
              <fieldentry>9417,5923,3981,6735</fieldentry>
            </qtimetadatafield>
            <qtimetadatafield>
              <fieldlabel>assessment_question_identifierref</fieldlabel>
              <fieldentry>g067adcbb7f92e8e606cbb9b6e4bee36e</fieldentry>
            </qtimetadatafield>
          </qtimetadata>
        </itemmetadata>
        <presentation>
          <material>
            <mattext texttype="text/html">&lt;div&gt;&lt;p&gt;_______ computing is writing software that takes advantage of a multiprocessor's ability to do processing on multiple cores simultaneously.&lt;/p&gt;&lt;/div&gt;</mattext>
          </material>
          <response_lid ident="response1" rcardinality="Single">
            <render_choice>
              <response_label ident="9417">
                <material>
                  <mattext texttype="text/plain">Core</mattext>
                </material>
              </response_label>
              <response_label ident="5923">
                <material>
                  <mattext texttype="text/plain">Sequential</mattext>
                </material>
              </response_label>
              <response_label ident="3981">
                <material>
                  <mattext texttype="text/plain">Parallel</mattext>
                </material>
              </response_label>
              <response_label ident="6735">
                <material>
                  <mattext texttype="text/plain">shared-memory</mattext>
                </material>
              </response_label>
            </render_choice>
          </response_lid>
        </presentation>
        <resprocessing>
          <outcomes>
            <decvar maxvalue="100" minvalue="0" varname="SCORE" vartype="Decimal"/>
          </outcomes>
          <respcondition continue="No">
            <conditionvar>
              <varequal respident="response1">3981</varequal>
            </conditionvar>
            <setvar action="Set" varname="SCORE">100</setvar>
          </respcondition>
        </resprocessing>
      </item>
      <item ident="g68689bc3e05b60cae82cb305af76afc6" title="41">
        <itemmetadata>
          <qtimetadata>
            <qtimetadatafield>
              <fieldlabel>question_type</fieldlabel>
              <fieldentry>multiple_choice_question</fieldentry>
            </qtimetadatafield>
            <qtimetadatafield>
              <fieldlabel>points_possible</fieldlabel>
              <fieldentry>1.0</fieldentry>
            </qtimetadatafield>
            <qtimetadatafield>
              <fieldlabel>original_answer_ids</fieldlabel>
              <fieldentry>8342,8674,385,4232</fieldentry>
            </qtimetadatafield>
            <qtimetadatafield>
              <fieldlabel>assessment_question_identifierref</fieldlabel>
              <fieldentry>g01a9bb6d1c4b6508cb51d2ee575e2648</fieldentry>
            </qtimetadatafield>
          </qtimetadata>
        </itemmetadata>
        <presentation>
          <material>
            <mattext texttype="text/html">&lt;div&gt;&lt;p&gt;What is a distributed system?&lt;/p&gt;&lt;/div&gt;</mattext>
          </material>
          <response_lid ident="response1" rcardinality="Single">
            <render_choice>
              <response_label ident="8342">
                <material>
                  <mattext texttype="text/plain">A type of computer virus</mattext>
                </material>
              </response_label>
              <response_label ident="8674">
                <material>
                  <mattext texttype="text/plain">A system with multiple CPUs sharing the same memory</mattext>
                </material>
              </response_label>
              <response_label ident="385">
                <material>
                  <mattext texttype="text/plain">A system with only one processor</mattext>
                </material>
              </response_label>
              <response_label ident="4232">
                <material>
                  <mattext texttype="text/plain">A collection of independent computers that appear as a single system</mattext>
                </material>
              </response_label>
            </render_choice>
          </response_lid>
        </presentation>
        <resprocessing>
          <outcomes>
            <decvar maxvalue="100" minvalue="0" varname="SCORE" vartype="Decimal"/>
          </outcomes>
          <respcondition continue="No">
            <conditionvar>
              <varequal respident="response1">4232</varequal>
            </conditionvar>
            <setvar action="Set" varname="SCORE">100</setvar>
          </respcondition>
        </resprocessing>
      </item>
      <item ident="ge6869748fc91e1b36260b5daff4c3963" title="45">
        <itemmetadata>
          <qtimetadata>
            <qtimetadatafield>
              <fieldlabel>question_type</fieldlabel>
              <fieldentry>multiple_choice_question</fieldentry>
            </qtimetadatafield>
            <qtimetadatafield>
              <fieldlabel>points_possible</fieldlabel>
              <fieldentry>1.0</fieldentry>
            </qtimetadatafield>
            <qtimetadatafield>
              <fieldlabel>original_answer_ids</fieldlabel>
              <fieldentry>4664,1382,4378,9714</fieldentry>
            </qtimetadatafield>
            <qtimetadatafield>
              <fieldlabel>assessment_question_identifierref</fieldlabel>
              <fieldentry>gf8aa9e251a4960521cceeaa6be80b38f</fieldentry>
            </qtimetadatafield>
          </qtimetadata>
        </itemmetadata>
        <presentation>
          <material>
            <mattext texttype="text/html">&lt;div&gt;&lt;p&gt;________ computing is when a problem is divided into smaller parts that are executed on multiple networked computers.&lt;/p&gt;&lt;/div&gt;</mattext>
          </material>
          <response_lid ident="response1" rcardinality="Single">
            <render_choice>
              <response_label ident="4664">
                <material>
                  <mattext texttype="text/plain">Multicore</mattext>
                </material>
              </response_label>
              <response_label ident="1382">
                <material>
                  <mattext texttype="text/plain">Concurrent</mattext>
                </material>
              </response_label>
              <response_label ident="4378">
                <material>
                  <mattext texttype="text/plain">Distributed</mattext>
                </material>
              </response_label>
              <response_label ident="9714">
                <material>
                  <mattext texttype="text/plain">Parallel</mattext>
                </material>
              </response_label>
            </render_choice>
          </response_lid>
        </presentation>
        <resprocessing>
          <outcomes>
            <decvar maxvalue="100" minvalue="0" varname="SCORE" vartype="Decimal"/>
          </outcomes>
          <respcondition continue="No">
            <conditionvar>
              <varequal respident="response1">4378</varequal>
            </conditionvar>
            <setvar action="Set" varname="SCORE">100</setvar>
          </respcondition>
        </resprocessing>
      </item>
      <item ident="ga63243d29cbfb065f3e6cd571b505f55" title="46">
        <itemmetadata>
          <qtimetadata>
            <qtimetadatafield>
              <fieldlabel>question_type</fieldlabel>
              <fieldentry>multiple_choice_question</fieldentry>
            </qtimetadatafield>
            <qtimetadatafield>
              <fieldlabel>points_possible</fieldlabel>
              <fieldentry>1.0</fieldentry>
            </qtimetadatafield>
            <qtimetadatafield>
              <fieldlabel>original_answer_ids</fieldlabel>
              <fieldentry>5423,5494,1408,4019</fieldentry>
            </qtimetadatafield>
            <qtimetadatafield>
              <fieldlabel>assessment_question_identifierref</fieldlabel>
              <fieldentry>g81a453bb80cc854ccb01266d586d5b11</fieldentry>
            </qtimetadatafield>
          </qtimetadata>
        </itemmetadata>
        <presentation>
          <material>
            <mattext texttype="text/html">&lt;div&gt;&lt;p&gt;Which of the following best describes &lt;strong&gt;Distributed Computing&lt;/strong&gt;?&lt;/p&gt;&lt;/div&gt;</mattext>
          </material>
          <response_lid ident="response1" rcardinality="Single">
            <render_choice>
              <response_label ident="5423">
                <material>
                  <mattext texttype="text/plain">A computer distributing work over a longer period of time to avoid overheating</mattext>
                </material>
              </response_label>
              <response_label ident="5494">
                <material>
                  <mattext texttype="text/plain">A single computer splitting a problem into different parts and solving each one on different processors</mattext>
                </material>
              </response_label>
              <response_label ident="1408">
                <material>
                  <mattext texttype="text/plain">Multiple software developers working in different locations on a software project</mattext>
                </material>
              </response_label>
              <response_label ident="4019">
                <material>
                  <mattext texttype="text/plain">Multiple computers or devices working together over a network to solve a problem</mattext>
                </material>
              </response_label>
            </render_choice>
          </response_lid>
        </presentation>
        <resprocessing>
          <outcomes>
            <decvar maxvalue="100" minvalue="0" varname="SCORE" vartype="Decimal"/>
          </outcomes>
          <respcondition continue="No">
            <conditionvar>
              <varequal respident="response1">4019</varequal>
            </conditionvar>
            <setvar action="Set" varname="SCORE">100</setvar>
          </respcondition>
        </resprocessing>
      </item>
      <item ident="g2c8e542611a016760b1585966771c83d" title="48">
        <itemmetadata>
          <qtimetadata>
            <qtimetadatafield>
              <fieldlabel>question_type</fieldlabel>
              <fieldentry>multiple_choice_question</fieldentry>
            </qtimetadatafield>
            <qtimetadatafield>
              <fieldlabel>points_possible</fieldlabel>
              <fieldentry>1.0</fieldentry>
            </qtimetadatafield>
            <qtimetadatafield>
              <fieldlabel>original_answer_ids</fieldlabel>
              <fieldentry>3390,487,4903,3156</fieldentry>
            </qtimetadatafield>
            <qtimetadatafield>
              <fieldlabel>assessment_question_identifierref</fieldlabel>
              <fieldentry>g8468c1ce31105b1a3ee8baf3101b0b34</fieldentry>
            </qtimetadatafield>
          </qtimetadata>
        </itemmetadata>
        <presentation>
          <material>
            <mattext texttype="text/html">&lt;div&gt;&lt;p&gt;___________ computing involves a single processor rapidly switching between tasks, giving the illusion of simultaneous execution.&lt;/p&gt;&lt;/div&gt;</mattext>
          </material>
          <response_lid ident="response1" rcardinality="Single">
            <render_choice>
              <response_label ident="3390">
                <material>
                  <mattext texttype="text/plain">Concurrent</mattext>
                </material>
              </response_label>
              <response_label ident="487">
                <material>
                  <mattext texttype="text/plain">Parallel</mattext>
                </material>
              </response_label>
              <response_label ident="4903">
                <material>
                  <mattext texttype="text/plain">Distributed</mattext>
                </material>
              </response_label>
              <response_label ident="3156">
                <material>
                  <mattext texttype="text/plain">shared-memory</mattext>
                </material>
              </response_label>
            </render_choice>
          </response_lid>
        </presentation>
        <resprocessing>
          <outcomes>
            <decvar maxvalue="100" minvalue="0" varname="SCORE" vartype="Decimal"/>
          </outcomes>
          <respcondition continue="No">
            <conditionvar>
              <varequal respident="response1">3390</varequal>
            </conditionvar>
            <setvar action="Set" varname="SCORE">100</setvar>
          </respcondition>
        </resprocessing>
      </item>
      <item ident="gef598198db68000db4a94f10f7431714" title="49">
        <itemmetadata>
          <qtimetadata>
            <qtimetadatafield>
              <fieldlabel>question_type</fieldlabel>
              <fieldentry>multiple_choice_question</fieldentry>
            </qtimetadatafield>
            <qtimetadatafield>
              <fieldlabel>points_possible</fieldlabel>
              <fieldentry>1.0</fieldentry>
            </qtimetadatafield>
            <qtimetadatafield>
              <fieldlabel>original_answer_ids</fieldlabel>
              <fieldentry>4032,6121,4597,5017</fieldentry>
            </qtimetadatafield>
            <qtimetadatafield>
              <fieldlabel>assessment_question_identifierref</fieldlabel>
              <fieldentry>g684ddd91c7c6d1edbe4bf1121c9d8bf8</fieldentry>
            </qtimetadatafield>
          </qtimetadata>
        </itemmetadata>
        <presentation>
          <material>
            <mattext texttype="text/html">&lt;div&gt;&lt;p&gt;Which of the following could be considered a parallel task?&lt;/p&gt;&lt;/div&gt;</mattext>
          </material>
          <response_lid ident="response1" rcardinality="Single">
            <render_choice>
              <response_label ident="4032">
                <material>
                  <mattext texttype="text/plain">Grading multiple exams at once with different people</mattext>
                </material>
              </response_label>
              <response_label ident="6121">
                <material>
                  <mattext texttype="text/plain">Sending a series of emails</mattext>
                </material>
              </response_label>
              <response_label ident="4597">
                <material>
                  <mattext texttype="text/plain">Typing on a keyboard</mattext>
                </material>
              </response_label>
              <response_label ident="5017">
                <material>
                  <mattext texttype="text/plain">Reading a single book</mattext>
                </material>
              </response_label>
            </render_choice>
          </response_lid>
        </presentation>
        <resprocessing>
          <outcomes>
            <decvar maxvalue="100" minvalue="0" varname="SCORE" vartype="Decimal"/>
          </outcomes>
          <respcondition continue="No">
            <conditionvar>
              <varequal respident="response1">4032</varequal>
            </conditionvar>
            <setvar action="Set" varname="SCORE">100</setvar>
          </respcondition>
        </resprocessing>
      </item>
      <item ident="gf65e60a38b30e488974670b0eedf39b4" title="50">
        <itemmetadata>
          <qtimetadata>
            <qtimetadatafield>
              <fieldlabel>question_type</fieldlabel>
              <fieldentry>multiple_choice_question</fieldentry>
            </qtimetadatafield>
            <qtimetadatafield>
              <fieldlabel>points_possible</fieldlabel>
              <fieldentry>1.0</fieldentry>
            </qtimetadatafield>
            <qtimetadatafield>
              <fieldlabel>original_answer_ids</fieldlabel>
              <fieldentry>660,210,8245,7778</fieldentry>
            </qtimetadatafield>
            <qtimetadatafield>
              <fieldlabel>assessment_question_identifierref</fieldlabel>
              <fieldentry>g271c7235ee1064a4495a633630597988</fieldentry>
            </qtimetadatafield>
          </qtimetadata>
        </itemmetadata>
        <presentation>
          <material>
            <mattext texttype="text/html">&lt;div&gt;&lt;p&gt;Suppose we run a computational task in parallel on 32 different processors, each taking 2 minutes to run. &amp;nbsp;If we were to run the same task in serial, about how long would it take to compute?&lt;/p&gt;&lt;/div&gt;</mattext>
          </material>
          <response_lid ident="response1" rcardinality="Single">
            <render_choice>
              <response_label ident="660">
                <material>
                  <mattext texttype="text/plain">2 minutes</mattext>
                </material>
              </response_label>
              <response_label ident="210">
                <material>
                  <mattext texttype="text/plain">16 minutes</mattext>
                </material>
              </response_label>
              <response_label ident="8245">
                <material>
                  <mattext texttype="text/plain">1 hour</mattext>
                </material>
              </response_label>
              <response_label ident="7778">
                <material>
                  <mattext texttype="text/plain">64 hours</mattext>
                </material>
              </response_label>
            </render_choice>
          </response_lid>
        </presentation>
        <resprocessing>
          <outcomes>
            <decvar maxvalue="100" minvalue="0" varname="SCORE" vartype="Decimal"/>
          </outcomes>
          <respcondition continue="No">
            <conditionvar>
              <varequal respident="response1">8245</varequal>
            </conditionvar>
            <setvar action="Set" varname="SCORE">100</setvar>
          </respcondition>
        </resprocessing>
      </item>
      <item ident="g080d85e12cbc9450fb662f8dfdee7442" title="54">
        <itemmetadata>
          <qtimetadata>
            <qtimetadatafield>
              <fieldlabel>question_type</fieldlabel>
              <fieldentry>multiple_choice_question</fieldentry>
            </qtimetadatafield>
            <qtimetadatafield>
              <fieldlabel>points_possible</fieldlabel>
              <fieldentry>1.0</fieldentry>
            </qtimetadatafield>
            <qtimetadatafield>
              <fieldlabel>original_answer_ids</fieldlabel>
              <fieldentry>6534,4835,5533,4143</fieldentry>
            </qtimetadatafield>
            <qtimetadatafield>
              <fieldlabel>assessment_question_identifierref</fieldlabel>
              <fieldentry>g9763fd1ef713cf653ce832391d907869</fieldentry>
            </qtimetadatafield>
          </qtimetadata>
        </itemmetadata>
        <presentation>
          <material>
            <mattext texttype="text/html">&lt;div&gt;&lt;p&gt;In distributed computing, how are the computing nodes typically connected?&lt;/p&gt;&lt;/div&gt;</mattext>
          </material>
          <response_lid ident="response1" rcardinality="Single">
            <render_choice>
              <response_label ident="6534">
                <material>
                  <mattext texttype="text/plain">Through a network connection</mattext>
                </material>
              </response_label>
              <response_label ident="4835">
                <material>
                  <mattext texttype="text/plain">Through the same memory bus</mattext>
                </material>
              </response_label>
              <response_label ident="5533">
                <material>
                  <mattext texttype="text/plain">By physical proximity only</mattext>
                </material>
              </response_label>
              <response_label ident="4143">
                <material>
                  <mattext texttype="text/plain">Using a single shared CPU</mattext>
                </material>
              </response_label>
            </render_choice>
          </response_lid>
        </presentation>
        <resprocessing>
          <outcomes>
            <decvar maxvalue="100" minvalue="0" varname="SCORE" vartype="Decimal"/>
          </outcomes>
          <respcondition continue="No">
            <conditionvar>
              <varequal respident="response1">6534</varequal>
            </conditionvar>
            <setvar action="Set" varname="SCORE">100</setvar>
          </respcondition>
        </resprocessing>
      </item>
      <item ident="gb2c0c3f10aa43f4a4bd5780021cc6363" title="57">
        <itemmetadata>
          <qtimetadata>
            <qtimetadatafield>
              <fieldlabel>question_type</fieldlabel>
              <fieldentry>multiple_choice_question</fieldentry>
            </qtimetadatafield>
            <qtimetadatafield>
              <fieldlabel>points_possible</fieldlabel>
              <fieldentry>1.0</fieldentry>
            </qtimetadatafield>
            <qtimetadatafield>
              <fieldlabel>original_answer_ids</fieldlabel>
              <fieldentry>7833,2113,3532,4040</fieldentry>
            </qtimetadatafield>
            <qtimetadatafield>
              <fieldlabel>assessment_question_identifierref</fieldlabel>
              <fieldentry>g60ee39703c2a212717b0a429d06edefe</fieldentry>
            </qtimetadatafield>
          </qtimetadata>
        </itemmetadata>
        <presentation>
          <material>
            <mattext texttype="text/html">&lt;div&gt;&lt;p&gt;Which of the following is a challenge in distributed computing?&lt;/p&gt;&lt;/div&gt;</mattext>
          </material>
          <response_lid ident="response1" rcardinality="Single">
            <render_choice>
              <response_label ident="7833">
                <material>
                  <mattext texttype="text/plain">Faster processor speeds</mattext>
                </material>
              </response_label>
              <response_label ident="2113">
                <material>
                  <mattext texttype="text/plain">Data compression</mattext>
                </material>
              </response_label>
              <response_label ident="3532">
                <material>
                  <mattext texttype="text/plain">Network latency</mattext>
                </material>
              </response_label>
              <response_label ident="4040">
                <material>
                  <mattext texttype="text/plain">Low memory usage</mattext>
                </material>
              </response_label>
            </render_choice>
          </response_lid>
        </presentation>
        <resprocessing>
          <outcomes>
            <decvar maxvalue="100" minvalue="0" varname="SCORE" vartype="Decimal"/>
          </outcomes>
          <respcondition continue="No">
            <conditionvar>
              <varequal respident="response1">3532</varequal>
            </conditionvar>
            <setvar action="Set" varname="SCORE">100</setvar>
          </respcondition>
        </resprocessing>
      </item>
      <item ident="gdbd79f325ea54c8d61603fc8947f12ce" title="58">
        <itemmetadata>
          <qtimetadata>
            <qtimetadatafield>
              <fieldlabel>question_type</fieldlabel>
              <fieldentry>multiple_choice_question</fieldentry>
            </qtimetadatafield>
            <qtimetadatafield>
              <fieldlabel>points_possible</fieldlabel>
              <fieldentry>1.0</fieldentry>
            </qtimetadatafield>
            <qtimetadatafield>
              <fieldlabel>original_answer_ids</fieldlabel>
              <fieldentry>6891,4941,6684,8933</fieldentry>
            </qtimetadatafield>
            <qtimetadatafield>
              <fieldlabel>assessment_question_identifierref</fieldlabel>
              <fieldentry>gb5ee386dc602f966bd4652149fb6a8c4</fieldentry>
            </qtimetadatafield>
          </qtimetadata>
        </itemmetadata>
        <presentation>
          <material>
            <mattext texttype="text/html">&lt;div&gt;&lt;p&gt;Which of the following is a common goal of parallel programming?&lt;/p&gt;&lt;/div&gt;</mattext>
          </material>
          <response_lid ident="response1" rcardinality="Single">
            <render_choice>
              <response_label ident="6891">
                <material>
                  <mattext texttype="text/plain">Using more memory to store backups</mattext>
                </material>
              </response_label>
              <response_label ident="4941">
                <material>
                  <mattext texttype="text/plain">Making computations faster by using multiple processors</mattext>
                </material>
              </response_label>
              <response_label ident="6684">
                <material>
                  <mattext texttype="text/plain">Reducing the number of algorithms</mattext>
                </material>
              </response_label>
              <response_label ident="8933">
                <material>
                  <mattext texttype="text/plain">Increasing the complexity of code</mattext>
                </material>
              </response_label>
            </render_choice>
          </response_lid>
        </presentation>
        <resprocessing>
          <outcomes>
            <decvar maxvalue="100" minvalue="0" varname="SCORE" vartype="Decimal"/>
          </outcomes>
          <respcondition continue="No">
            <conditionvar>
              <varequal respident="response1">4941</varequal>
            </conditionvar>
            <setvar action="Set" varname="SCORE">100</setvar>
          </respcondition>
        </resprocessing>
      </item>
      <item ident="gd2bf285a93ffd0346da0d761eae2cdd6" title="62">
        <itemmetadata>
          <qtimetadata>
            <qtimetadatafield>
              <fieldlabel>question_type</fieldlabel>
              <fieldentry>multiple_choice_question</fieldentry>
            </qtimetadatafield>
            <qtimetadatafield>
              <fieldlabel>points_possible</fieldlabel>
              <fieldentry>1.0</fieldentry>
            </qtimetadatafield>
            <qtimetadatafield>
              <fieldlabel>original_answer_ids</fieldlabel>
              <fieldentry>6524,1976,3617,5681</fieldentry>
            </qtimetadatafield>
            <qtimetadatafield>
              <fieldlabel>assessment_question_identifierref</fieldlabel>
              <fieldentry>g7b75bcaf86ddfddc56c1a644b0a69330</fieldentry>
            </qtimetadatafield>
          </qtimetadata>
        </itemmetadata>
        <presentation>
          <material>
            <mattext texttype="text/html">&lt;div&gt;&lt;p&gt;Which of the following is the best example of &lt;strong&gt;Distributed Computing?&lt;/strong&gt;&lt;/p&gt;&lt;/div&gt;</mattext>
          </material>
          <response_lid ident="response1" rcardinality="Single">
            <render_choice>
              <response_label ident="6524">
                <material>
                  <mattext texttype="text/plain">Breaking up a computational task so that it can be run on multiple processors</mattext>
                </material>
              </response_label>
              <response_label ident="1976">
                <material>
                  <mattext texttype="text/plain">A team of software engineers working remotely across the globe</mattext>
                </material>
              </response_label>
              <response_label ident="3617">
                <material>
                  <mattext texttype="text/plain">An operating system distributing its execution time to multiple processes</mattext>
                </material>
              </response_label>
              <response_label ident="5681">
                <material>
                  <mattext texttype="text/plain">The client-server model</mattext>
                </material>
              </response_label>
            </render_choice>
          </response_lid>
        </presentation>
        <resprocessing>
          <outcomes>
            <decvar maxvalue="100" minvalue="0" varname="SCORE" vartype="Decimal"/>
          </outcomes>
          <respcondition continue="No">
            <conditionvar>
              <varequal respident="response1">5681</varequal>
            </conditionvar>
            <setvar action="Set" varname="SCORE">100</setvar>
          </respcondition>
        </resprocessing>
      </item>
      <item ident="gc2ac757e9e9ce82efa2a8be69bdabb6d" title="68">
        <itemmetadata>
          <qtimetadata>
            <qtimetadatafield>
              <fieldlabel>question_type</fieldlabel>
              <fieldentry>multiple_choice_question</fieldentry>
            </qtimetadatafield>
            <qtimetadatafield>
              <fieldlabel>points_possible</fieldlabel>
              <fieldentry>1.0</fieldentry>
            </qtimetadatafield>
            <qtimetadatafield>
              <fieldlabel>original_answer_ids</fieldlabel>
              <fieldentry>5751,8219,7965,7456</fieldentry>
            </qtimetadatafield>
            <qtimetadatafield>
              <fieldlabel>assessment_question_identifierref</fieldlabel>
              <fieldentry>gbbde8f29f08d307366ae5fb508c26925</fieldentry>
            </qtimetadatafield>
          </qtimetadata>
        </itemmetadata>
        <presentation>
          <material>
            <mattext texttype="text/html">&lt;div&gt;&lt;p&gt;What does it mean if a program is 'parallelizable'?&lt;/p&gt;&lt;/div&gt;</mattext>
          </material>
          <response_lid ident="response1" rcardinality="Single">
            <render_choice>
              <response_label ident="5751">
                <material>
                  <mattext texttype="text/plain">It can be run by multiple users at once</mattext>
                </material>
              </response_label>
              <response_label ident="8219">
                <material>
                  <mattext texttype="text/plain">It uses a single thread of execution</mattext>
                </material>
              </response_label>
              <response_label ident="7965">
                <material>
                  <mattext texttype="text/plain">It can be divided into parts to run simultaneously</mattext>
                </material>
              </response_label>
              <response_label ident="7456">
                <material>
                  <mattext texttype="text/plain">It can be compressed into a smaller file</mattext>
                </material>
              </response_label>
            </render_choice>
          </response_lid>
        </presentation>
        <resprocessing>
          <outcomes>
            <decvar maxvalue="100" minvalue="0" varname="SCORE" vartype="Decimal"/>
          </outcomes>
          <respcondition continue="No">
            <conditionvar>
              <varequal respident="response1">7965</varequal>
            </conditionvar>
            <setvar action="Set" varname="SCORE">100</setvar>
          </respcondition>
        </resprocessing>
      </item>
      <item ident="gb4405168d087099415bfa306ba7ff580" title="70">
        <itemmetadata>
          <qtimetadata>
            <qtimetadatafield>
              <fieldlabel>question_type</fieldlabel>
              <fieldentry>multiple_choice_question</fieldentry>
            </qtimetadatafield>
            <qtimetadatafield>
              <fieldlabel>points_possible</fieldlabel>
              <fieldentry>1.0</fieldentry>
            </qtimetadatafield>
            <qtimetadatafield>
              <fieldlabel>original_answer_ids</fieldlabel>
              <fieldentry>3087,6005,5946,3879</fieldentry>
            </qtimetadatafield>
            <qtimetadatafield>
              <fieldlabel>assessment_question_identifierref</fieldlabel>
              <fieldentry>gf7300e613852164d7d7d6fbd31c7c040</fieldentry>
            </qtimetadatafield>
          </qtimetadata>
        </itemmetadata>
        <presentation>
          <material>
            <mattext texttype="text/html">&lt;div&gt;&lt;p&gt;What happens when too many processors are added to a task with a large serial portion?&lt;/p&gt;&lt;/div&gt;</mattext>
          </material>
          <response_lid ident="response1" rcardinality="Single">
            <render_choice>
              <response_label ident="3087">
                <material>
                  <mattext texttype="text/plain">The task finishes instantly</mattext>
                </material>
              </response_label>
              <response_label ident="6005">
                <material>
                  <mattext texttype="text/plain">Speedup levels off or even decreases</mattext>
                </material>
              </response_label>
              <response_label ident="5946">
                <material>
                  <mattext texttype="text/plain">Speedup increases infinitely</mattext>
                </material>
              </response_label>
              <response_label ident="3879">
                <material>
                  <mattext texttype="text/plain">Only memory usage increases</mattext>
                </material>
              </response_label>
            </render_choice>
          </response_lid>
        </presentation>
        <resprocessing>
          <outcomes>
            <decvar maxvalue="100" minvalue="0" varname="SCORE" vartype="Decimal"/>
          </outcomes>
          <respcondition continue="No">
            <conditionvar>
              <varequal respident="response1">6005</varequal>
            </conditionvar>
            <setvar action="Set" varname="SCORE">100</setvar>
          </respcondition>
        </resprocessing>
      </item>
      <item ident="gfe4f135d482fb8b421f2c29fcda49487" title="72">
        <itemmetadata>
          <qtimetadata>
            <qtimetadatafield>
              <fieldlabel>question_type</fieldlabel>
              <fieldentry>multiple_choice_question</fieldentry>
            </qtimetadatafield>
            <qtimetadatafield>
              <fieldlabel>points_possible</fieldlabel>
              <fieldentry>1.0</fieldentry>
            </qtimetadatafield>
            <qtimetadatafield>
              <fieldlabel>original_answer_ids</fieldlabel>
              <fieldentry>7374,56,7071,7964</fieldentry>
            </qtimetadatafield>
            <qtimetadatafield>
              <fieldlabel>assessment_question_identifierref</fieldlabel>
              <fieldentry>g21eca81155c08f14ffebf9e5a7c93134</fieldentry>
            </qtimetadatafield>
          </qtimetadata>
        </itemmetadata>
        <presentation>
          <material>
            <mattext texttype="text/html">&lt;div&gt;&lt;p&gt;Which of the following is the best example of &lt;strong&gt;Asynchronous Computing&lt;/strong&gt;?&lt;/p&gt;&lt;/div&gt;</mattext>
          </material>
          <response_lid ident="response1" rcardinality="Single">
            <render_choice>
              <response_label ident="7374">
                <material>
                  <mattext texttype="text/plain">An email program running on a web browser</mattext>
                </material>
              </response_label>
              <response_label ident="56">
                <material>
                  <mattext texttype="text/plain">A browser loading more messages in the background while you type a response</mattext>
                </material>
              </response_label>
              <response_label ident="7071">
                <material>
                  <mattext texttype="text/plain">A program that searches a file for a particular keyword</mattext>
                </material>
              </response_label>
              <response_label ident="7964">
                <material>
                  <mattext texttype="text/plain">A complex 3D animation scene being rendered on multiple servers</mattext>
                </material>
              </response_label>
            </render_choice>
          </response_lid>
        </presentation>
        <resprocessing>
          <outcomes>
            <decvar maxvalue="100" minvalue="0" varname="SCORE" vartype="Decimal"/>
          </outcomes>
          <respcondition continue="No">
            <conditionvar>
              <varequal respident="response1">56</varequal>
            </conditionvar>
            <setvar action="Set" varname="SCORE">100</setvar>
          </respcondition>
        </resprocessing>
      </item>
      <item ident="gcb58255983c91b1ca92d97d87531c620" title="73">
        <itemmetadata>
          <qtimetadata>
            <qtimetadatafield>
              <fieldlabel>question_type</fieldlabel>
              <fieldentry>multiple_choice_question</fieldentry>
            </qtimetadatafield>
            <qtimetadatafield>
              <fieldlabel>points_possible</fieldlabel>
              <fieldentry>1.0</fieldentry>
            </qtimetadatafield>
            <qtimetadatafield>
              <fieldlabel>original_answer_ids</fieldlabel>
              <fieldentry>7081,7916,5710,3655</fieldentry>
            </qtimetadatafield>
            <qtimetadatafield>
              <fieldlabel>assessment_question_identifierref</fieldlabel>
              <fieldentry>g44d913938da1bf7f0d34b8dbf621c019</fieldentry>
            </qtimetadatafield>
          </qtimetadata>
        </itemmetadata>
        <presentation>
          <material>
            <mattext texttype="text/html">&lt;div&gt;&lt;p&gt;Which of the following best describes &lt;strong&gt;Distributed Computing&lt;/strong&gt;?&lt;/p&gt;&lt;/div&gt;</mattext>
          </material>
          <response_lid ident="response1" rcardinality="Single">
            <render_choice>
              <response_label ident="7081">
                <material>
                  <mattext texttype="text/plain">A single task is executed sequentially on one machine</mattext>
                </material>
              </response_label>
              <response_label ident="7916">
                <material>
                  <mattext texttype="text/plain">A single computer with multiple cores runs multiple tasks at the same time</mattext>
                </material>
              </response_label>
              <response_label ident="5710">
                <material>
                  <mattext texttype="text/plain">A task is divided and executed across multiple networked computers that communicate and coordinate with each other</mattext>
                </material>
              </response_label>
              <response_label ident="3655">
                <material>
                  <mattext texttype="text/plain">Tasks run in the background without blocking the main program</mattext>
                </material>
              </response_label>
            </render_choice>
          </response_lid>
        </presentation>
        <resprocessing>
          <outcomes>
            <decvar maxvalue="100" minvalue="0" varname="SCORE" vartype="Decimal"/>
          </outcomes>
          <respcondition continue="No">
            <conditionvar>
              <varequal respident="response1">5710</varequal>
            </conditionvar>
            <setvar action="Set" varname="SCORE">100</setvar>
          </respcondition>
        </resprocessing>
      </item>
      <item ident="gbe69bcce6f5906d595b454a67b97f5ca" title="75">
        <itemmetadata>
          <qtimetadata>
            <qtimetadatafield>
              <fieldlabel>question_type</fieldlabel>
              <fieldentry>multiple_choice_question</fieldentry>
            </qtimetadatafield>
            <qtimetadatafield>
              <fieldlabel>points_possible</fieldlabel>
              <fieldentry>1.0</fieldentry>
            </qtimetadatafield>
            <qtimetadatafield>
              <fieldlabel>original_answer_ids</fieldlabel>
              <fieldentry>1164,7059,9373,274</fieldentry>
            </qtimetadatafield>
            <qtimetadatafield>
              <fieldlabel>assessment_question_identifierref</fieldlabel>
              <fieldentry>gb48086d616661022ce30ea24493c86c9</fieldentry>
            </qtimetadatafield>
          </qtimetadata>
        </itemmetadata>
        <presentation>
          <material>
            <mattext texttype="text/html">&lt;div&gt;&lt;p&gt;Which of the following is the best example of &lt;strong&gt;Sequential Computing&lt;/strong&gt;?&lt;/p&gt;&lt;/div&gt;</mattext>
          </material>
          <response_lid ident="response1" rcardinality="Single">
            <render_choice>
              <response_label ident="1164">
                <material>
                  <mattext texttype="text/plain">A team of software engineers designs one part of a system before designing another part</mattext>
                </material>
              </response_label>
              <response_label ident="7059">
                <material>
                  <mattext texttype="text/plain">Tasks A, B, and C are analyzed to determine the optimal order of execution</mattext>
                </material>
              </response_label>
              <response_label ident="9373">
                <material>
                  <mattext texttype="text/plain">Task A starts then pauses to wait for a network connection, allowing task B to start</mattext>
                </material>
              </response_label>
              <response_label ident="274">
                <material>
                  <mattext texttype="text/plain">Task A starts and completes before task B can start</mattext>
                </material>
              </response_label>
            </render_choice>
          </response_lid>
        </presentation>
        <resprocessing>
          <outcomes>
            <decvar maxvalue="100" minvalue="0" varname="SCORE" vartype="Decimal"/>
          </outcomes>
          <respcondition continue="No">
            <conditionvar>
              <varequal respident="response1">274</varequal>
            </conditionvar>
            <setvar action="Set" varname="SCORE">100</setvar>
          </respcondition>
        </resprocessing>
      </item>
    </section>
  </assessment>
</questestinterop>
