<?xml version="1.0" encoding="UTF-8"?>
<manifest identifier="g2d996088e47f2e793c958e3897ed8dca" xmlns="http://www.imsglobal.org/xsd/imsccv1p1/imscp_v1p1" xmlns:lom="http://ltsc.ieee.org/xsd/imsccv1p1/LOM/resource" xmlns:imsmd="http://www.imsglobal.org/xsd/imsmd_v1p2" xmlns:xsi="http://www.w3.org/2001/XMLSchema-instance" xsi:schemaLocation="http://www.imsglobal.org/xsd/imsccv1p1/imscp_v1p1 http://www.imsglobal.org/xsd/imscp_v1p1.xsd http://ltsc.ieee.org/xsd/imsccv1p1/LOM/resource http://www.imsglobal.org/profile/cc/ccv1p1/LOM/ccv1p1_lomresource_v1p0.xsd http://www.imsglobal.org/xsd/imsmd_v1p2 http://www.imsglobal.org/xsd/imsmd_v1p2p2.xsd">
  <metadata>
    <schema>IMS Content</schema>
    <schemaversion>1.1.3</schemaversion>
    <imsmd:lom>
      <imsmd:general>
        <imsmd:title>
          <imsmd:string>QTI Quiz Export for course "COMPUTER SCIENCE II           CSCE156             SEC 150 Spring 2026"</imsmd:string>
        </imsmd:title>
      </imsmd:general>
      <imsmd:lifeCycle>
        <imsmd:contribute>
          <imsmd:date>
            <imsmd:dateTime>2025-12-21</imsmd:dateTime>
          </imsmd:date>
        </imsmd:contribute>
      </imsmd:lifeCycle>
      <imsmd:rights>
        <imsmd:copyrightAndOtherRestrictions>
          <imsmd:value>yes</imsmd:value>
        </imsmd:copyrightAndOtherRestrictions>
        <imsmd:description>
          <imsmd:string>Private (Copyrighted) - http://en.wikipedia.org/wiki/Copyright</imsmd:string>
        </imsmd:description>
      </imsmd:rights>
    </imsmd:lom>
  </metadata>
  <organizations/>
  <resources>
    <resource identifier="gcd1c52aead9063cad6aff01dd8e6f14e" type="imsqti_xmlv1p2">
      <file href="gcd1c52aead9063cad6aff01dd8e6f14e/gcd1c52aead9063cad6aff01dd8e6f14e.xml"/>
      <dependency identifierref="g9a46e9589cd75b9c3e8f4d3345b5c911"/>
    </resource>
    <resource identifier="g9a46e9589cd75b9c3e8f4d3345b5c911" type="associatedcontent/imscc_xmlv1p1/learning-application-resource" href="gcd1c52aead9063cad6aff01dd8e6f14e/assessment_meta.xml">
      <file href="gcd1c52aead9063cad6aff01dd8e6f14e/assessment_meta.xml"/>
    </resource>
  </resources>
</manifest>
